{
    "temps": [
        25
    ],
    "etaParam": [
        1.003830846357163
    ],
    "QParam": [
        2.2858720999372335
    ],
    "GParam": [
        0.0
    ],
    "M0Param": [
        0.0
    ],
    "MParam": [
        0.0
    ],
    "R0Param": [
        0.02700809759917953
    ],
    "RCParam": [
            2.13276887172512
    ],
    "RParam": [
            0.026983343014999293
    ],
    "SOC": [
        0.0,
        0.005,
        0.01,
        0.015,
        0.02,
        0.025,
        0.03,
        0.035,
        0.04,
        0.045,
        0.05,
        0.055,
        0.06,
        0.065,
        0.07,
        0.075,
        0.08,
        0.085,
        0.09,
        0.095,
        0.1,
        0.105,
        0.11,
        0.115,
        0.12,
        0.125,
        0.13,
        0.135,
        0.14,
        0.145,
        0.15,
        0.155,
        0.16,
        0.165,
        0.17,
        0.175,
        0.18,
        0.185,
        0.19,
        0.195,
        0.2,
        0.205,
        0.21,
        0.215,
        0.22,
        0.225,
        0.23,
        0.235,
        0.24,
        0.245,
        0.25,
        0.255,
        0.26,
        0.265,
        0.27,
        0.275,
        0.28,
        0.285,
        0.29,
        0.295,
        0.3,
        0.305,
        0.31,
        0.315,
        0.32,
        0.325,
        0.33,
        0.335,
        0.34,
        0.345,
        0.35,
        0.355,
        0.36,
        0.365,
        0.37,
        0.375,
        0.38,
        0.385,
        0.39,
        0.395,
        0.4,
        0.405,
        0.41,
        0.415,
        0.42,
        0.425,
        0.43,
        0.435,
        0.44,
        0.445,
        0.45,
        0.455,
        0.46,
        0.465,
        0.47,
        0.475,
        0.48,
        0.485,
        0.49,
        0.495,
        0.5,
        0.505,
        0.51,
        0.515,
        0.52,
        0.525,
        0.53,
        0.535,
        0.54,
        0.545,
        0.55,
        0.555,
        0.56,
        0.565,
        0.57,
        0.575,
        0.58,
        0.585,
        0.59,
        0.595,
        0.6,
        0.605,
        0.61,
        0.615,
        0.62,
        0.625,
        0.63,
        0.635,
        0.64,
        0.645,
        0.65,
        0.655,
        0.66,
        0.665,
        0.67,
        0.675,
        0.68,
        0.685,
        0.69,
        0.695,
        0.7,
        0.705,
        0.71,
        0.715,
        0.72,
        0.725,
        0.73,
        0.735,
        0.74,
        0.745,
        0.75,
        0.755,
        0.76,
        0.765,
        0.77,
        0.775,
        0.78,
        0.785,
        0.79,
        0.795,
        0.8,
        0.805,
        0.81,
        0.815,
        0.82,
        0.825,
        0.83,
        0.835,
        0.84,
        0.845,
        0.85,
        0.855,
        0.86,
        0.865,
        0.87,
        0.875,
        0.88,
        0.885,
        0.89,
        0.895,
        0.9,
        0.905,
        0.91,
        0.915,
        0.92,
        0.925,
        0.93,
        0.935,
        0.94,
        0.945,
        0.95,
        0.955,
        0.96,
        0.965,
        0.97,
        0.975,
        0.98,
        0.985,
        0.99,
        0.995,
        1.0
    ],
    "OCV0": [
        0.0033636133983166185,
        0.0037207389289845632,
        0.003887111863154105,
        0.004018115179745206,
        0.004127883294495688,
        0.0042214545834161135,
        0.004301650881655068,
        0.004370554970202865,
        0.004429888267622754,
        0.0044811195982191274,
        0.0045255236844934914,
        0.004564214526961356,
        0.004598172715349191,
        0.004628268172999381,
        0.00465527863909074,
        0.004679903681939766,
        0.004702773698449352,
        0.004724453163855221,
        0.004745437460188612,
        0.0047661431115623995,
        0.0047868923648059026,
        0.004807894802768021,
        0.0048292307483465665,
        0.004850842813352237,
        0.004872541927404955,
        0.004894031634204373,
        0.004914949507504865,
        0.0049349188705654886,
        0.004953600178013926,
        0.004970731406617362,
        0.004986150603182361,
        0.0049997993872615346,
        0.005011711125536605,
        0.005021990027173647,
        0.0050307874102224325,
        0.005038279770370588,
        0.005044651184810857,
        0.005050080802356514,
        0.005054735022523371,
        0.005058763422216789,
        0.00506229736976177,
        0.0050654503807313666,
        0.005068319475682179,
        0.005070987012202386,
        0.005073522643555105,
        0.005075985192448726,
        0.005078424323925813,
        0.005080881964217161,
        0.005083393451588907,
        0.005085988428411417,
        0.0050886914967905915,
        0.005091522667291093,
        0.005094497634291452,
        0.00509762791399255,
        0.005100920882886138,
        0.005104379755810925,
        0.005108003543387834,
        0.00511178702816679,
        0.00511572079664906,
        0.005119791359925376,
        0.005123981388648613,
        0.005128270078447561,
        0.00513263365014058,
        0.005137045976145336,
        0.005141479311606761,
        0.005145905097478294,
        0.005150294794528947,
        0.005154620703111502,
        0.005158856724054202,
        0.005162979021091974,
        0.005166966554043824,
        0.005170801463187386,
        0.0051744692974533815,
        0.0051779590906671025,
        0.005181263299876328,
        0.005184377627022802,
        0.005187300749507696,
        0.005190033986668961,
        0.005192580928251164,
        0.00519494704821412,
        0.00519713932336009,
        0.005199165871880378,
        0.005201035622538103,
        0.005202758021182013,
        0.005204342777851252,
        0.005205799654985759,
        0.005207138295209461,
        0.005208368085747805,
        0.005209498055684784,
        0.005210536801849758,
        0.005211492439043621,
        0.005212372570469885,
        0.0052131842745467534,
        0.005213934104675386,
        0.005214628098977722,
        0.005215271797458945,
        0.005215870264470957,
        0.00521642811473999,
        0.005216949541565721,
        0.005217438346098889,
        0.005217896978434389,
        0.005218303066824936,
        0.005218678224996302,
        0.005219026583479679,
        0.005219350974183859,
        0.005219653946622682,
        0.005219937794360675,
        0.005220204580019672,
        0.005220456158844481,
        0.005220694200892515,
        0.005220920211969369,
        0.005221135553483823,
        0.005221341461445068,
        0.005221539064875939,
        0.005221729403972447,
        0.005221913448405807,
        0.005222092116243175,
        0.005222266294062216,
        0.005222436858958834,
        0.005222604703303136,
        0.005222770763294751,
        0.005222936052613601,
        0.005223101702766728,
        0.005223269012106811,
        0.00522343950595368,
        0.0052236150107948034,
        0.005223797751017761,
        0.005223990451560123,
        0.0052241964880871275,
        0.005224420058553009,
        0.005224666396489661,
        0.005224942030053503,
        0.005225255092553978,
        0.005225615687893189,
        0.005226036309468646,
        0.0052265323021267835,
        0.005227122341673826,
        0.005227828882785402,
        0.005228678491447142,
        0.005229701930999445,
        0.005230933813595914,
        0.005232411570846766,
        0.005234173460428782,
        0.005236255348082103,
        0.005238686140409799,
        0.0052414820457517145,
        0.005244640320057074,
        0.005248133725854259,
        0.005251907369257466,
        0.005255879557509314,
        0.005259947585530787,
        0.005263997916751356,
        0.005267918988208126,
        0.00527161350330521,
        0.005275007434573678,
