{
    "temps": [
        25
    ],
    "etaParam": [
        0.9951323317528659
    ],
    "QParam": [
        5.289234747629534
    ],
    "GParam": [
        0.0
    ],
    "M0Param": [
        0.0
    ],
    "MParam": [
        0.0
    ],
    "R0Param": [
        0.028111218835866623
    ],
    "RCParam": [
        2.349549651003479
    ],
    "RParam": [
        0.03356775812974662
    ],
    "SOC": [
        0.0,
        0.005,
        0.01,
        0.015,
        0.02,
        0.025,
        0.03,
        0.035,
        0.04,
        0.045,
        0.05,
        0.055,
        0.06,
        0.065,
        0.07,
        0.075,
        0.08,
        0.085,
        0.09,
        0.095,
        0.1,
        0.105,
        0.11,
        0.115,
        0.12,
        0.125,
        0.13,
        0.135,
        0.14,
        0.145,
        0.15,
        0.155,
        0.16,
        0.165,
        0.17,
        0.175,
        0.18,
        0.185,
        0.19,
        0.195,
        0.2,
        0.205,
        0.21,
        0.215,
        0.22,
        0.225,
        0.23,
        0.235,
        0.24,
        0.245,
        0.25,
        0.255,
        0.26,
        0.265,
        0.27,
        0.275,
        0.28,
        0.285,
        0.29,
        0.295,
        0.3,
        0.305,
        0.31,
        0.315,
        0.32,
        0.325,
        0.33,
        0.335,
        0.34,
        0.345,
        0.35,
        0.355,
        0.36,
        0.365,
        0.37,
        0.375,
        0.38,
        0.385,
        0.39,
        0.395,
        0.4,
        0.405,
        0.41,
        0.415,
        0.42,
        0.425,
        0.43,
        0.435,
        0.44,
        0.445,
        0.45,
        0.455,
        0.46,
        0.465,
        0.47,
        0.475,
        0.48,
        0.485,
        0.49,
        0.495,
        0.5,
        0.505,
        0.51,
        0.515,
        0.52,
        0.525,
        0.53,
        0.535,
        0.54,
        0.545,
        0.55,
        0.555,
        0.56,
        0.565,
        0.57,
        0.575,
        0.58,
        0.585,
        0.59,
        0.595,
        0.6,
        0.605,
        0.61,
        0.615,
        0.62,
        0.625,
        0.63,
        0.635,
        0.64,
        0.645,
        0.65,
        0.655,
        0.66,
        0.665,
        0.67,
        0.675,
        0.68,
        0.685,
        0.69,
        0.695,
        0.7,
        0.705,
        0.71,
        0.715,
        0.72,
        0.725,
        0.73,
        0.735,
        0.74,
        0.745,
        0.75,
        0.755,
        0.76,
        0.765,
        0.77,
        0.775,
        0.78,
        0.785,
        0.79,
        0.795,
        0.8,
        0.805,
        0.81,
        0.815,
        0.82,
        0.825,
        0.83,
        0.835,
        0.84,
        0.845,
        0.85,
        0.855,
        0.86,
        0.865,
        0.87,
        0.875,
        0.88,
        0.885,
        0.89,
        0.895,
        0.9,
        0.905,
        0.91,
        0.915,
        0.92,
        0.925,
        0.93,
        0.935,
        0.94,
        0.945,
        0.95,
        0.955,
        0.96,
        0.965,
        0.97,
        0.975,
        0.98,
        0.985,
        0.99,
        0.995,
        1.0
    ],
    "OCV0": [
        0.004744079414089237,
        0.005182833794588195,
        0.005343373845468418,
        0.005448266386687505,
        0.005521111168788601,
        0.005572460505827791,
        0.005608885991741363,
        0.005634900754825999,
        0.005653602203223618,
        0.005667207800539797,
        0.005677234403012957,
        0.005684768497777704,
        0.005690561369645299,
        0.00569514484713809,
        0.005698896485572167,
        0.005702085913074361,
        0.005704918281803344,
        0.005707560955045769,
        0.00571016990861625,
        0.0057128965696348335,
        0.00571588476569293,
        0.005719299863999049,
        0.005723398537357266,
        0.005728540868738452,
        0.0057350226876451615,
        0.005742730340855458,
        0.0057510734525117275,
        0.005759353207743713,
        0.005767295854372416,
        0.005775149087376562,
        0.005783299156371338,
        0.005791794557067062,
        0.005800168597351918,
        0.005807788884442321,
        0.0058144026796708844,
        0.005820324589283275,
        0.005826234051079684,
        0.005832852141790311,
        0.0058405641809562495,
        0.005848906771683961,
        0.005856749498476196,
        0.00586333139265901,
        0.005868727209834341,
        0.005873406132663127,
        0.005877748286949179,
        0.0058819182875057075,
        0.005885930280881828,
        0.005889735463841793,
        0.0058933040697901505,
        0.005896647566776556,
        0.005899811788718844,
        0.005902851257862202,
        0.005905814096185415,
        0.005908736470530519,
        0.005911643096316303,
        0.005914550290177796,
        0.0059174685590931905,
        0.005920404601489943,
        0.005923362844899978,
        0.005926346040230448,
        0.005929356027645751,
        0.005932394235465995,
        0.005935461369308009,
        0.005938558012965342,
        0.005941684599650198,
        0.0059448415445970655,
        0.0059480290393149615,
        0.005951247492854053,
        0.00595449727262928,
        0.0059577791163093795,
        0.005961095006499826,
        0.005964448007634961,
        0.005967845106087443,
        0.005971294862700703,
        0.0059748031637124575,
        0.005978368914598884,
        0.005981986868147652,
        0.0059856521921882525,
        0.005989360704357919,
        0.00599311002961426,
        0.005996898309099051,
        0.006000724832183389,
        0.006004589158478015,
        0.00600849149923809,
        0.006012432372030727,
        0.006016412147543762,
        0.006020432310905268,
        0.0060244941387111286,
        0.006028599639528181,
        0.006032751243913172,
        0.006036952279205121,
        0.006041207434707789,
        0.006045523062488976,
        0.006049909561404008,
        0.0060543811737397675,
        0.006058965441199149,
        0.006063714184359026,
        0.006068739009136826,
        0.006074304602213626,
        0.006080863202842793,
        0.006088687952116155,
        0.006095266331339329,
        0.00610282731806872,
        0.006111359240321712,
        0.0061205855363089074,
        0.006129982091626658,
        0.006138923423467356,
        0.0061468621444976035,
        0.0061534715773940585,
        0.0061590366385314965,
        0.00616411306826769,
        0.0061689807259818884,
        0.006173747997733535,
        0.006178463537102121,
        0.00618315345265552,
        0.0061878326496310225,
        0.006192510644711169,
        0.006197193730232966,
        0.006201886740921309,
        0.006206593739304626,
        0.006211316136764741,
        0.006216057164491907,
        0.006220817694875324,
        0.006225599007405207,
        0.006230402852120667,
        0.006235228753842752,
        0.006240078691558571,
        0.0062449533344241396,
        0.006249851665820096,
        0.006254775830909203,
        0.00625972609754244,
        0.006264700772307831,
        0.0062697020918504156,
        0.006274731168928507,
        0.006279785275369089,
        0.006284865770383558,
        0.006289974998602963,
        0.006295110568755633,
        0.00630027167804321,
        0.0063054612842044135,
        0.006310679096759072,
        0.006315921686333954,
        0.006321190602687013,
        0.006326487816264047,
        0.006331809592078435,
        0.006337152377425846,
        0.006342517277658764,
        0.006347902736959952,
        0.006353300326164354,
        0.006358705872013258,
        0.006364123617029112,
        0.006369560665124996,
        0.006375022669193297,
        0.006380511350741394,
        0.00638602824830673,
